date,tickers
2026-09-08,"AAPL,ABNB,ADBE,ADI,ADP,ADSK,AEP,ALAB,ALNY,AMAT,AMD,AMGN,AMZN,APP,ARM,ASML,AVGO,AXON,BKNG,BKR,CCEP,CDNS,CEG,CMCSA,COST,CPRT,CRWD,CRWV,CSCO,CSX,CTAS,DASH,DDOG,DXCM,EXC,FANG,FAST,FER,FTNT,GEHC,GILD,GOOG,GOOGL,HON,HONA,IDXX,INTC,INTU,ISRG,KDP,KHC,KLAC,LIN,LITE,LRCX,MAR,MCHP,MDLZ,MELI,META,MNST,MPWR,MRVL,MSFT,MSTR,MU,NBIS,NFLX,NVDA,NXPI,ODFL,ORLY,PANW,PAYX,PCAR,PDD,PEP,PLTR,PYPL,QCOM,REGN,RKLB,ROP,ROST,SBUX,SHOP,SNDK,SNPS,SPCX,STX,TER,TMUS,TRI,TSLA,TTWO,TXN,VRTX,WBD,WDAY,WDC,WMT,XEL"
2026-09-09,"AAPL,ABNB,ADBE,ADI,ADP,ADSK,AEP,ALAB,ALNY,AMAT,AMD,AMGN,AMZN,APP,ARM,ASML,AVGO,AXON,BKNG,BKR,CCEP,CDNS,CEG,CMCSA,COST,CPRT,CRWD,CRWV,CSCO,CSX,CTAS,DASH,DDOG,DXCM,EXC,FANG,FAST,FER,FTNT,GEHC,GILD,GOOG,GOOGL,HON,HONA,IDXX,INTC,INTU,ISRG,KDP,KHC,KLAC,LIN,LITE,LRCX,MAR,MCHP,MDLZ,MELI,META,MNST,MPWR,MRVL,MSFT,MSTR,MU,NBIS,NFLX,NVDA,NXPI,ODFL,ORLY,PANW,PAYX,PCAR,PDD,PEP,PLTR,PYPL,QCOM,REGN,RKLB,ROP,ROST,SBUX,SHOP,SNDK,SNPS,SPCX,STX,TER,TMUS,TRI,TSLA,TTWO,TXN,VRTX,WBD,WDAY,WDC,WMT,XEL"
2026-09-10,"AAPL,ABNB,ADBE,ADI,ADP,ADSK,AEP,ALAB,ALNY,AMAT,AMD,AMGN,AMZN,APP,ARM,ASML,AVGO,AXON,BKNG,BKR,CCEP,CDNS,CEG,CMCSA,COST,CPRT,CRWD,CRWV,CSCO,CSX,CTAS,DASH,DDOG,DXCM,EXC,FANG,FAST,FER,FTNT,GEHC,GILD,GOOG,GOOGL,HON,HONA,IDXX,INTC,INTU,ISRG,KDP,KHC,KLAC,LIN,LITE,LRCX,MAR,MCHP,MDLZ,MELI,META,MNST,MPWR,MRVL,MSFT,MSTR,MU,NBIS,NFLX,NVDA,NXPI,ODFL,ORLY,PANW,PAYX,PCAR,PDD,PEP,PLTR,PYPL,QCOM,REGN,RKLB,ROP,ROST,SBUX,SHOP,SNDK,SNPS,SPCX,STX,TER,TMUS,TRI,TSLA,TTWO,TXN,VRTX,WBD,WDAY,WDC,WMT,XEL"
2026-09-11,"AAPL,ABNB,ADBE,ADI,ADP,ADSK,AEP,ALAB,ALNY,AMAT,AMD,AMGN,AMZN,APP,ARM,ASML,AVGO,AXON,BKNG,BKR,CCEP,CDNS,CEG,CMCSA,COST,CPRT,CRWD,CRWV,CSCO,CSX,CTAS,DASH,DDOG,DXCM,EXC,FANG,FAST,FER,FTNT,GEHC,GILD,GOOG,GOOGL,HON,HONA,IDXX,INTC,INTU,ISRG,KDP,KHC,KLAC,LIN,LITE,LRCX,MAR,MCHP,MDLZ,MELI,META,MNST,MPWR,MRVL,MSFT,MSTR,MU,NBIS,NFLX,NVDA,NXPI,ODFL,ORLY,PANW,PAYX,PCAR,PDD,PEP,PLTR,PYPL,QCOM,REGN,RKLB,ROP,ROST,SBUX,SHOP,SNDK,SNPS,SPCX,STX,TER,TMUS,TRI,TSLA,TTWO,TXN,VRTX,WBD,WDAY,WDC,WMT,XEL"
2026-09-12,"AAPL,ABNB,ADBE,ADI,ADP,ADSK,AEP,ALAB,ALNY,AMAT,AMD,AMGN,AMZN,APP,ARM,ASML,AVGO,AXON,BKNG,BKR,CCEP,CDNS,CEG,CMCSA,COST,CPRT,CRWD,CRWV,CSCO,CSX,CTAS,DASH,DDOG,DXCM,EXC,FANG,FAST,FER,FTNT,GEHC,GILD,GOOG,GOOGL,HON,HONA,IDXX,INTC,INTU,ISRG,KDP,KHC,KLAC,LIN,LITE,LRCX,MAR,MCHP,MDLZ,MELI,META,MNST,MPWR,MRVL,MSFT,MSTR,MU,NBIS,NFLX,NVDA,NXPI,ODFL,ORLY,PANW,PAYX,PCAR,PDD,PEP,PLTR,PYPL,QCOM,REGN,RKLB,ROP,ROST,SBUX,SHOP,SNDK,SNPS,SPCX,STX,TER,TMUS,TRI,TSLA,TTWO,TXN,VRTX,WBD,WDAY,WDC,WMT,XEL"
2026-09-13,"AAPL,ABNB,ADBE,ADI,ADP,ADSK,AEP,ALAB,ALNY,AMAT,AMD,AMGN,AMZN,APP,ARM,ASML,AVGO,AXON,BKNG,BKR,CCEP,CDNS,CEG,CMCSA,COST,CPRT,CRWD,CRWV,CSCO,CSX,CTAS,DASH,DDOG,DXCM,EXC,FANG,FAST,FER,FTNT,GEHC,GILD,GOOG,GOOGL,HON,HONA,IDXX,INTC,INTU,ISRG,KDP,KHC,KLAC,LIN,LITE,LRCX,MAR,MCHP,MDLZ,MELI,META,MNST,MPWR,MRVL,MSFT,MSTR,MU,NBIS,NFLX,NVDA,NXPI,ODFL,ORLY,PANW,PAYX,PCAR,PDD,PEP,PLTR,PYPL,QCOM,REGN,RKLB,ROP,ROST,SBUX,SHOP,SNDK,SNPS,SPCX,STX,TER,TMUS,TRI,TSLA,TTWO,TXN,VRTX,WBD,WDAY,WDC,WMT,XEL"
2026-09-14,"AAPL,ABNB,ADBE,ADI,ADP,ADSK,AEP,ALAB,ALNY,AMAT,AMD,AMGN,AMZN,APP,ARM,ASML,AVGO,AXON,BKNG,BKR,CCEP,CDNS,CEG,CMCSA,COST,CPRT,CRWD,CRWV,CSCO,CSX,CTAS,DASH,DDOG,DXCM,EXC,FANG,FAST,FER,FTNT,GEHC,GILD,GOOG,GOOGL,HON,HONA,IDXX,INTC,INTU,ISRG,KDP,KHC,KLAC,LIN,LITE,LRCX,MAR,MCHP,MDLZ,MELI,META,MNST,MPWR,MRVL,MSFT,MSTR,MU,NBIS,NFLX,NVDA,NXPI,ODFL,ORLY,PANW,PAYX,PCAR,PDD,PEP,PLTR,PYPL,QCOM,REGN,RKLB,ROP,ROST,SBUX,SHOP,SNDK,SNPS,SPCX,STX,TER,TMUS,TRI,TSLA,TTWO,TXN,VRTX,WBD,WDAY,WDC,WMT,XEL"
2026-09-15,"AAPL,ABNB,ADBE,ADI,ADP,ADSK,AEP,ALAB,ALNY,AMAT,AMD,AMGN,AMZN,APP,ARM,ASML,AVGO,AXON,BKNG,BKR,CCEP,CDNS,CEG,CMCSA,COST,CPRT,CRWD,CRWV,CSCO,CSX,CTAS,DASH,DDOG,DXCM,EXC,FANG,FAST,FER,FTNT,GEHC,GILD,GOOG,GOOGL,HON,HONA,IDXX,INTC,INTU,ISRG,KDP,KHC,KLAC,LIN,LITE,LRCX,MAR,MCHP,MDLZ,MELI,META,MNST,MPWR,MRVL,MSFT,MSTR,MU,NBIS,NFLX,NVDA,NXPI,ODFL,ORLY,PANW,PAYX,PCAR,PDD,PEP,PLTR,PYPL,QCOM,REGN,RKLB,ROP,ROST,SBUX,SHOP,SNDK,SNPS,SPCX,STX,TER,TMUS,TRI,TSLA,TTWO,TXN,VRTX,WBD,WDAY,WDC,WMT,XEL"
2026-09-16,"AAPL,ABNB,ADBE,ADI,ADP,ADSK,AEP,ALAB,ALNY,AMAT,AMD,AMGN,AMZN,APP,ARM,ASML,AVGO,AXON,BKNG,BKR,CCEP,CDNS,CEG,CMCSA,COST,CPRT,CRWD,CRWV,CSCO,CSX,CTAS,DASH,DDOG,DXCM,EXC,FANG,FAST,FER,FTNT,GEHC,GILD,GOOG,GOOGL,HON,HONA,IDXX,INTC,INTU,ISRG,KDP,KHC,KLAC,LIN,LITE,LRCX,MAR,MCHP,MDLZ,MELI,META,MNST,MPWR,MRVL,MSFT,MSTR,MU,NBIS,NFLX,NVDA,NXPI,ODFL,ORLY,PANW,PAYX,PCAR,PDD,PEP,PLTR,PYPL,QCOM,REGN,RKLB,ROP,ROST,SBUX,SHOP,SNDK,SNPS,SPCX,STX,TER,TMUS,TRI,TSLA,TTWO,TXN,VRTX,WBD,WDAY,WDC,WMT,XEL"
2026-09-17,"AAPL,ABNB,ADBE,ADI,ADP,ADSK,AEP,ALAB,ALNY,AMAT,AMD,AMGN,AMZN,APP,ARM,ASML,AVGO,AXON,BKNG,BKR,CCEP,CDNS,CEG,CMCSA,COST,CPRT,CRWD,CRWV,CSCO,CSX,CTAS,DASH,DDOG,DXCM,EXC,FANG,FAST,FER,FTNT,GEHC,GILD,GOOG,GOOGL,HON,HONA,IDXX,INTC,INTU,ISRG,KDP,KHC,KLAC,LIN,LITE,LRCX,MAR,MCHP,MDLZ,MELI,META,MNST,MPWR,MRVL,MSFT,MSTR,MU,NBIS,NFLX,NVDA,NXPI,ODFL,ORLY,PANW,PAYX,PCAR,PDD,PEP,PLTR,PYPL,QCOM,REGN,RKLB,ROP,ROST,SBUX,SHOP,SNDK,SNPS,SPCX,STX,TER,TMUS,TRI,TSLA,TTWO,TXN,VRTX,WBD,WDAY,WDC,WMT,XEL"
2026-09-18,"AAPL,ABNB,ADBE,ADI,ADP,ADSK,AEP,ALAB,ALNY,AMAT,AMD,AMGN,AMZN,APP,ARM,ASML,AVGO,AXON,BKNG,BKR,CCEP,CDNS,CEG,CMCSA,COST,CPRT,CRWD,CRWV,CSCO,CSX,CTAS,DASH,DDOG,DXCM,EXC,FANG,FAST,FER,FTNT,GEHC,GILD,GOOG,GOOGL,HON,HONA,IDXX,INTC,INTU,ISRG,KDP,KHC,KLAC,LIN,LITE,LRCX,MAR,MCHP,MDLZ,MELI,META,MNST,MPWR,MRVL,MSFT,MSTR,MU,NBIS,NFLX,NVDA,NXPI,ODFL,ORLY,PANW,PAYX,PCAR,PDD,PEP,PLTR,PYPL,QCOM,REGN,RKLB,ROP,ROST,SBUX,SHOP,SNDK,SNPS,SPCX,STX,TER,TMUS,TRI,TSLA,TTWO,TXN,VRTX,WBD,WDAY,WDC,WMT,XEL"
2026-09-19,"AAPL,ABNB,ADBE,ADI,ADP,ADSK,AEP,ALAB,ALNY,AMAT,AMD,AMGN,AMZN,APP,ARM,ASML,AVGO,AXON,BKNG,BKR,CCEP,CDNS,CEG,CMCSA,COST,CPRT,CRWD,CRWV,CSCO,CSX,CTAS,DASH,DDOG,DXCM,EXC,FANG,FAST,FER,FTNT,GEHC,GILD,GOOG,GOOGL,HON,HONA,IDXX,INTC,INTU,ISRG,KDP,KHC,KLAC,LIN,LITE,LRCX,MAR,MCHP,MDLZ,MELI,META,MNST,MPWR,MRVL,MSFT,MSTR,MU,NBIS,NFLX,NVDA,NXPI,ODFL,ORLY,PANW,PAYX,PCAR,PDD,PEP,PLTR,PYPL,QCOM,REGN,RKLB,ROP,ROST,SBUX,SHOP,SNDK,SNPS,SPCX,STX,TER,TMUS,TRI,TSLA,TTWO,TXN,VRTX,WBD,WDAY,WDC,WMT,XEL"
2026-09-19,"AAPL,ABNB,ADBE,ADI,ADP,ADSK,AEP,ALAB,ALNY,AMAT,AMD,AMGN,AMZN,APP,ARM,ASML,AVGO,AXON,BKNG,BKR,CCEP,CDNS,CEG,CMCSA,COST,CPRT,CRWD,CRWV,CSCO,CSX,CTAS,DASH,DDOG,DXCM,EXC,FANG,FAST,FER,FTNT,GEHC,GILD,GOOG,GOOGL,HON,HONA,IDXX,INTC,INTU,ISRG,KDP,KLAC,LIN,LITE,LRCX,MAR,MCHP,MDLZ,MELI,META,MNST,MPWR,MRVL,MSFT,MSTR,MU,NBIS,NFLX,NVDA,NXPI,ODFL,ORLY,PANW,PAYX,PCAR,PDD,PEP,PLTR,PYPL,QCOM,REGN,RKLB,ROP,ROST,SBUX,SHOP,SNDK,SNPS,SPCX,STX,TER,TMUS,TRI,TSLA,TTWO,TXN,VRTX,WBD,WDAY,WDC,WMT,XEL"
2026-09-20,"AAPL,ABNB,ADBE,ADI,ADP,ADSK,AEP,ALAB,ALNY,AMAT,AMD,AMGN,AMZN,APP,ARM,ASML,AVGO,AXON,BKNG,BKR,CCEP,CDNS,CEG,CMCSA,COST,CPRT,CRWD,CRWV,CSCO,CSX,CTAS,DASH,DDOG,DXCM,EXC,FANG,FAST,FER,FTNT,GEHC,GILD,GOOG,GOOGL,HON,HONA,IDXX,INTC,INTU,ISRG,KDP,KLAC,LIN,LITE,LRCX,MAR,MCHP,MDLZ,MELI,META,MNST,MPWR,MRVL,MSFT,MSTR,MU,NBIS,NFLX,NVDA,NXPI,ODFL,ORLY,PANW,PAYX,PCAR,PDD,PEP,PLTR,PYPL,QCOM,REGN,RKLB,ROP,ROST,SBUX,SHOP,SNDK,SNPS,SPCX,STX,TER,TMUS,TRI,TSLA,TTWO,TXN,VRTX,WBD,WDAY,WDC,WMT,XEL"
2026-09-21,"AAPL,ABNB,ADBE,ADI,ADP,ADSK,AEP,ALAB,ALNY,AMAT,AMD,AMGN,AMZN,APP,ARM,ASML,AVGO,AXON,BKNG,BKR,CCEP,CDNS,CEG,CMCSA,COST,CPRT,CRWD,CRWV,CSCO,CSX,CTAS,DASH,DDOG,DXCM,EXC,FANG,FAST,FER,FTNT,GEHC,GILD,GOOG,GOOGL,HON,HONA,IDXX,INTC,INTU,ISRG,KDP,KLAC,LIN,LITE,LRCX,MAR,MCHP,MDLZ,MELI,META,MNST,MPWR,MRVL,MSFT,MSTR,MU,NBIS,NFLX,NVDA,NXPI,ODFL,ORLY,PANW,PAYX,PCAR,PDD,PEP,PLTR,PYPL,QCOM,REGN,RKLB,ROP,ROST,SBUX,SHOP,SNDK,SNPS,SPCX,STX,TER,TMUS,TRI,TSLA,TTWO,TXN,VRTX,WBD,WDAY,WDC,WMT,XEL"
2026-09-22,"AAPL,ABNB,ADBE,ADI,ADP,ADSK,AEP,ALAB,ALNY,AMAT,AMD,AMGN,AMZN,APP,ARM,ASML,AVGO,AXON,BKNG,BKR,CCEP,CDNS,CEG,CMCSA,COST,CPRT,CRWD,CRWV,CSCO,CSX,CTAS,DASH,DDOG,DXCM,EXC,FANG,FAST,FER,FTNT,GEHC,GILD,GOOG,GOOGL,HON,HONA,IDXX,INTC,INTU,ISRG,KDP,KLAC,LIN,LITE,LRCX,MAR,MCHP,MDLZ,MELI,META,MNST,MPWR,MRVL,MSFT,MSTR,MU,NBIS,NFLX,NVDA,NXPI,ODFL,ORLY,PANW,PAYX,PCAR,PDD,PEP,PLTR,PYPL,QCOM,REGN,RKLB,ROP,ROST,SBUX,SHOP,SNDK,SNPS,SPCX,STX,TER,TMUS,TRI,TSLA,TTWO,TXN,VRTX,WBD,WDAY,WDC,WMT,XEL"
2026-09-23,"AAPL,ABNB,ADBE,ADI,ADP,ADSK,AEP,ALAB,ALNY,AMAT,AMD,AMGN,AMZN,APP,ARM,ASML,AVGO,AXON,BKNG,BKR,CCEP,CDNS,CEG,CMCSA,COST,CPRT,CRWD,CRWV,CSCO,CSX,CTAS,DASH,DDOG,DXCM,EXC,FANG,FAST,FER,FTNT,GEHC,GILD,GOOG,GOOGL,HON,HONA,IDXX,INTC,INTU,ISRG,KDP,KLAC,LIN,LITE,LRCX,MAR,MCHP,MDLZ,MELI,META,MNST,MPWR,MRVL,MSFT,MSTR,MU,NBIS,NFLX,NVDA,NXPI,ODFL,ORLY,PANW,PAYX,PCAR,PDD,PEP,PLTR,PYPL,QCOM,REGN,RKLB,ROP,ROST,SBUX,SHOP,SNDK,SNPS,SPCX,STX,TER,TMUS,TRI,TSLA,TTWO,TXN,VRTX,WBD,WDAY,WDC,WMT,XEL"
2026-09-24,"AAPL,ABNB,ADBE,ADI,ADP,ADSK,AEP,ALAB,ALNY,AMAT,AMD,AMGN,AMZN,APP,ARM,ASML,AVGO,AXON,BKNG,BKR,CCEP,CDNS,CEG,CMCSA,COST,CPRT,CRWD,CRWV,CSCO,CSX,CTAS,DASH,DDOG,DXCM,EXC,FANG,FAST,FER,FTNT,GEHC,GILD,GOOG,GOOGL,HON,HONA,IDXX,INTC,INTU,ISRG,KDP,KLAC,LIN,LITE,LRCX,MAR,MCHP,MDLZ,MELI,META,MNST,MPWR,MRVL,MSFT,MSTR,MU,NBIS,NFLX,NVDA,NXPI,ODFL,ORLY,PANW,PAYX,PCAR,PDD,PEP,PLTR,PYPL,QCOM,REGN,RKLB,ROP,ROST,SBUX,SHOP,SNDK,SNPS,SPCX,STX,TER,TMUS,TRI,TSLA,TTWO,TXN,VRTX,WBD,WDAY,WDC,WMT,XEL"
2026-09-25,"AAPL,ABNB,ADBE,ADI,ADP,ADSK,AEP,ALAB,ALNY,AMAT,AMD,AMGN,AMZN,APP,ARM,ASML,AVGO,AXON,BKNG,BKR,CCEP,CDNS,CEG,CMCSA,COST,CPRT,CRWD,CRWV,CSCO,CSX,CTAS,DASH,DDOG,DXCM,EXC,FANG,FAST,FER,FTNT,GEHC,GILD,GOOG,GOOGL,HON,HONA,IDXX,INTC,INTU,ISRG,KDP,KLAC,LIN,LITE,LRCX,MAR,MCHP,MDLZ,MELI,META,MNST,MPWR,MRVL,MSFT,MSTR,MU,NBIS,NFLX,NVDA,NXPI,ODFL,ORLY,PANW,PAYX,PCAR,PDD,PEP,PLTR,PYPL,QCOM,REGN,RKLB,ROP,ROST,SBUX,SHOP,SNDK,SNPS,SPCX,STX,TER,TMUS,TRI,TSLA,TTWO,TXN,VRTX,WBD,WDAY,WDC,WMT,XEL"
2026-09-26,"AAPL,ABNB,ADBE,ADI,ADP,ADSK,AEP,ALAB,ALNY,AMAT,AMD,AMGN,AMZN,APP,ARM,ASML,AVGO,AXON,BKNG,BKR,CCEP,CDNS,CEG,CMCSA,COST,CPRT,CRWD,CRWV,CSCO,CSX,CTAS,DASH,DDOG,DXCM,EXC,FANG,FAST,FER,FTNT,GEHC,GILD,GOOG,GOOGL,HON,HONA,IDXX,INTC,INTU,ISRG,KDP,KLAC,LIN,LITE,LRCX,MAR,MCHP,MDLZ,MELI,META,MNST,MPWR,MRVL,MSFT,MSTR,MU,NBIS,NFLX,NVDA,NXPI,ODFL,ORLY,PANW,PAYX,PCAR,PDD,PEP,PLTR,PYPL,QCOM,REGN,RKLB,ROP,ROST,SBUX,SHOP,SNDK,SNPS,SPCX,STX,TER,TMUS,TRI,TSLA,TTWO,TXN,VRTX,WBD,WDAY,WDC,WMT,XEL"
