ticker,company,icb industry,icb subsector,date
ADBE,Adobe Inc.,Technology,Software,2026-09-29
AMD,Advanced Micro Devices,Technology,Semiconductors,2026-09-29
ABNB,Airbnb,Consumer Discretionary,Diversified Commercial Services,2026-09-29
ALNY,Alnylam Pharmaceuticals,Health Care,Biotechnology,2026-09-29
GOOGL,Alphabet Inc. (Class A),Technology,Software,2026-09-29
GOOG,Alphabet Inc. (Class C),Technology,Software,2026-09-29
AMZN,Amazon,Consumer Discretionary,Catalog/Specialty Distribution,2026-09-29
AEP,American Electric Power,Utilities,Electric Utilities,2026-09-29
AMGN,Amgen,Health Care,Biotechnology,2026-09-29
ADI,Analog Devices,Technology,Semiconductors,2026-09-29
AAPL,Apple Inc.,Technology,Computer Hardware,2026-09-29
AMAT,Applied Materials,Technology,Semiconductors,2026-09-29
APP,AppLovin,Technology,Software,2026-09-29
ARM,Arm Holdings,Technology,Semiconductors,2026-09-29
ASML,ASML Holding,Technology,Industrial Machinery,2026-09-29
ALAB,Astera Labs,Technology,Semiconductors,2026-09-29
ADSK,Autodesk,Technology,Software,2026-09-29
ADP,Automatic Data Processing,Industrials,Diversified Commercial Services,2026-09-29
AXON,Axon Enterprise,Industrials,Ordnance & Accessories,2026-09-29
BKR,Baker Hughes,Energy,Oil Equipment & Services,2026-09-29
BKNG,Booking Holdings,Consumer Discretionary,Transportation Services,2026-09-29
AVGO,Broadcom,Technology,Semiconductors,2026-09-29
CDNS,Cadence Design Systems,Technology,Software,2026-09-29
CTAS,Cintas,Industrials,Garments & Clothing,2026-09-29
CSCO,Cisco,Telecommunications,Computer Communications Equipment,2026-09-29
CCEP,Coca-Cola Europacific Partners,Consumer Staples,Soft Drinks,2026-09-29
CMCSA,Comcast,Telecommunications,Cable & Other Pay Television Services,2026-09-29
CEG,Constellation Energy,Utilities,Electric Utilities,2026-09-29
CPRT,Copart,Consumer Discretionary,Retail,2026-09-29
CRWV,CoreWeave,Technology,Computer Services,2026-09-29
COST,Costco,Consumer Discretionary,Department/Specialty Retail Stores,2026-09-29
CRWD,CrowdStrike,Technology,Software,2026-09-29
CSX,CSX Corporation,Industrials,Railroads,2026-09-29
DDOG,Datadog,Technology,Software,2026-09-29
DXCM,DexCom,Health Care,Medical/Dental Instruments,2026-09-29
FANG,Diamondback Energy,Energy,Oil & Gas Production,2026-09-29
DASH,DoorDash,Technology,Software,2026-09-29
EXC,Exelon,Utilities,Power Generation,2026-09-29
FAST,Fastenal,Industrials,Construction & Materials,2026-09-29
FER,Ferrovial,Industrials,"Military, Government, Technical",2026-09-29
FTNT,Fortinet,Technology,Computer Peripheral Equipment,2026-09-29
GEHC,GE HealthCare,Health Care,Medical Electronics,2026-09-29
GILD,Gilead Sciences,Health Care,Biotechnology,2026-09-29
HONA,Honeywell Aerospace,Industrials,Aerospace,2026-09-29
HON,Honeywell Technologies,Industrials,Diversified Industrials,2026-09-29
IDXX,Idexx Laboratories,Health Care,Biotechnology,2026-09-29
INTC,Intel,Technology,Semiconductors,2026-09-29
INTU,Intuit,Technology,Computer Software,2026-09-29
ISRG,Intuitive Surgical,Health Care,Industrial Specialties,2026-09-29
KDP,Keurig Dr Pepper,Consumer Staples,Soft Drinks,2026-09-29
KLAC,KLA Corporation,Technology,Electronic Components,2026-09-29
LRCX,Lam Research,Technology,Industrial Machinery,2026-09-29
LIN,Linde plc,Basic Materials,Major Chemicals,2026-09-29
LITE,Lumentum,Technology,Communication Equipment,2026-09-29
MAR,Marriott International,Consumer Discretionary,Hotels/Resorts,2026-09-29
MRVL,Marvell Technology,Technology,Semiconductors,2026-09-29
MELI,Mercado Libre,Consumer Discretionary,Catalog/Specialty Distribution,2026-09-29
META,Meta Platforms,Technology,Software,2026-09-29
MCHP,Microchip Technology,Technology,Semiconductors,2026-09-29
MU,Micron Technology,Technology,Semiconductors,2026-09-29
MSFT,Microsoft,Technology,Software,2026-09-29
MSTR,MicroStrategy,Technology,Software,2026-09-29
MDLZ,Mondelez International,Consumer Staples,Packaged Foods,2026-09-29
MPWR,Monolithic Power Systems,Technology,Semiconductors,2026-09-29
MNST,Monster Beverage,Consumer Staples,Soft Drinks,2026-09-29
NBIS,Nebius Group,Technology,Computer Services,2026-09-29
NFLX,"Netflix, Inc.",Consumer Discretionary,Consumer Electronics,2026-09-29
NVDA,Nvidia,Technology,Semiconductors,2026-09-29
NXPI,NXP Semiconductors,Technology,Semiconductors,2026-09-29
ORLY,O'Reilly Automotive,Consumer Discretionary,Specialty Retailers,2026-09-29
ODFL,Old Dominion Freight Line,Industrials,Trucking,2026-09-29
PCAR,Paccar,Consumer Discretionary,Motor Vehicles,2026-09-29
PLTR,Palantir Technologies,Technology,Software,2026-09-29
PANW,Palo Alto Networks,Technology,Computer Peripheral Equipment,2026-09-29
PAYX,Paychex,Industrials,Diversified Commercial Services,2026-09-29
PYPL,PayPal,Industrials,Diversified Commercial Services,2026-09-29
PDD,PDD Holdings,Technology,EDP Services,2026-09-29
PEP,PepsiCo,Consumer Staples,Soft Drinks,2026-09-29
QCOM,Qualcomm,Technology,Semiconductors,2026-09-29
REGN,Regeneron Pharmaceuticals,Health Care,Biotechnology,2026-09-29
RKLB,Rocket Lab,Industrials,Aerospace,2026-09-29
ROP,Roper Technologies,Technology,Software,2026-09-29
ROST,Ross Stores,Consumer Discretionary,Clothing/Shoe/Accessory Stores,2026-09-29
SNDK,Sandisk,Technology,Electronic Components,2026-09-29
STX,Seagate Technology,Technology,Electronic Components,2026-09-29
SHOP,Shopify,Technology,Software,2026-09-29
SPCX,SpaceX,Telecommunications,Telecommunications Services,2026-09-29
SBUX,Starbucks,Consumer Discretionary,Restaurants,2026-09-29
SNPS,Synopsys,Technology,Software,2026-09-29
TMUS,T-Mobile US,Telecommunications,Telecommunications Services,2026-09-29
TTWO,Take-Two Interactive,Consumer Discretionary,Miscellaneous Amusement & Recreation Services,2026-09-29
TER,Teradyne,Technology,Semiconductors,2026-09-29
TSLA,"Tesla, Inc.",Consumer Discretionary,Automobiles & Parts,2026-09-29
TXN,Texas Instruments,Technology,Semiconductors,2026-09-29
TRI,Thomson Reuters,Technology,Software,2026-09-29
VRTX,Vertex Pharmaceuticals,Health Care,Biotechnology,2026-09-29
WMT,Walmart,Consumer Discretionary,Department/Specialty Retail Stores,2026-09-29
WBD,Warner Bros. Discovery,Consumer Discretionary,Entertainment,2026-09-29
WDC,Western Digital,Technology,Electronic Components,2026-09-29
WDAY,"Workday, Inc.",Technology,Software,2026-09-29
XEL,Xcel Energy,Utilities,Conventional Electricity,2026-09-29
